<?xml version="1.0" encoding="ISO-8859-1"?>
<bookstore>
<book>
<bookcateorgy> coding </bookcateorgy>
<bookname> java </bookname>  
<authorname> rahul </authorname>
<heading> java book </heading>
</book>

<book2>
<bookcateorgy> coding </bookcateorgy>
<bookname> python </bookname>  
<authorname> parthesh </authorname>
<heading> python book </heading>
</book2>

<book3>
<bookcateorgy> coding </bookcateorgy>
<bookname> c++ </bookname>  
<authorname> afiya </authorname>
<heading> c++ book </heading>
</book3>

<book4>
<bookcateorgy>coding</bookcateorgy>
<bookname>css</bookname>  
<authorname> meet </authorname>
<heading> css book </heading>
</book4>


<book5>
<bookcateorgy>coding</bookcateorgy>
<bookname>javascript</bookname>  
<authorname> shailesh </authorname>
<heading> javascript book </heading>
</book5>
</bookstore>

